100080,Savannah,Lynch,(814) 605-2716,massa@sit.ca
100048,Hilda,Booker,(419) 147-4871,sit.amet@FuscefeugiatLorem.ca
100042,Addison,Williams,(467) 632-7203,ultrices.posuere.cubilia@necanteMaecenas.com
100077,Burton,Hewitt,(524) 521-0921,morbi.tristique.senectus@nec.edu
100084,Marsden,Stanley,(955) 305-6851,sed.turpis@eratvolutpat.com
100018,Luke,Stein,(901) 626-7431,ut.nisi.a@PhasellusornareFusce.co.uk
100069,Rigel,Richardson,(145) 979-4616,massa.Mauris.vestibulum@Duisrisusodio.ca
100039,Rachel,Sims,(696) 853-5152,pharetra@quamelementumat.edu
100036,Amir,Callahan,(185) 477-0452,Etiam@torquentperconubia.ca
100082,Ciara,Soto,(240) 967-2890,a.magna@vestibulumMaurismagna.net
